Row,Anon Student Id,Age,Problem Hierarchy,Step Start Time,Step End Time,Correct First Attempt,Step Duration (sec),Answer Type,KC(Default),Opportunity (Default),skill_id,template_id,Extra Column
1,1,15,3,10-07-2023 16:06,10-07-2023 16:07,0,52,Drag & Drop,Algebra,1,1,1,
2,2,13,3,11-07-2023 07:28,11-07-2023 07:29,0,37,Drag & Drop,Algebra,1,1,1,
3,3,16+,3,13-07-2023 17:51,13-07-2023 17:51,0,45,Drag & Drop,Algebra,1,1,1,
4,4,16+,3,15-07-2023 14:43,15-07-2023 14:44,0,45,Drag & Drop,Algebra,1,1,1,
5,5,15,3,15-07-2023 14:48,15-07-2023 14:49,0,60,Drag & Drop,Algebra,1,1,1,
6,6,16+,3,15-07-2023 15:03,15-07-2023 15:04,0,60,Drag & Drop,Algebra,1,1,1,
7,7,16+,3,15-07-2023 15:39,15-07-2023 15:40,0,6,Drag & Drop,Algebra,1,1,1,
8,8,15,3,15-07-2023 16:22,15-07-2023 16:23,0,37,Drag & Drop,Algebra,1,1,1,
9,9,16+,3,15-07-2023 17:34,15-07-2023 17:35,0,45,Drag & Drop,Algebra,1,1,1,
10,10,16+,3,15-07-2023 20:00,15-07-2023 20:01,0,49,Drag & Drop,Algebra,1,1,1,
11,11,15,3,15-07-2023 22:59,15-07-2023 23:00,0,42,Drag & Drop,Algebra,1,1,1,
12,12,15,3,16-07-2023 09:39,16-07-2023 09:39,0,5,Drag & Drop,Algebra,1,1,1,
13,13,15,3,16-07-2023 22:53,16-07-2023 22:53,0,29,Drag & Drop,Algebra,1,1,1,
14,14,16+,3,17-07-2023 22:19,17-07-2023 22:20,0,41,Drag & Drop,Algebra,1,1,1,
15,15,15,3,17-07-2023 22:41,17-07-2023 22:42,0,41,Drag & Drop,Algebra,1,1,1,
16,16,14,3,17-07-2023 14:27,17-07-2023 14:28,0,60,Drag & Drop,Algebra,1,1,1,
17,17,13,3,18-07-2023 04:30,18-07-2023 04:31,0,48,Drag & Drop,Algebra,1,1,1,
18,18,14,3,18-07-2023 21:18,18-07-2023 21:18,0,34,Drag & Drop,Algebra,1,1,1,
19,19,13,3,19-07-2023 16:54,19-07-2023 16:56,0,120,Drag & Drop,Algebra,1,1,1,
20,20,14,3,21-07-2023 14:57,21-07-2023 14:57,0,32,Drag & Drop,Algebra,1,1,1,
21,21,15,3,22-07-2023 10:50,22-07-2023 10:51,0,60,Drag & Drop,Algebra,1,1,1,
22,22,16+,3,22-07-2023 17:21,22-07-2023 17:22,0,47,Drag & Drop,Algebra,1,1,1,
23,23,16+,3,22-07-2023 18:12,22-07-2023 18:13,0,19,Drag & Drop,Algebra,1,1,1,
24,24,15,3,23-07-2023 11:33,23-07-2023 11:35,0,60,Drag & Drop,Algebra,1,1,1,
25,25,16+,3,23-07-2023 12:17,23-07-2023 12:19,1,120,Drag & Drop,Algebra,1,1,1,
26,26,15,3,24-07-2023 16:56,24-07-2023 16:57,0,60,Drag & Drop,Algebra,1,1,1,
1,1,15,4,10-07-2023 16:09,10-07-2023 16:10,1,60,Image Choice,Algebra,1,1,1,
2,2,13,4,11-07-2023 07:30,11-07-2023 07:31,1,36,Image Choice,Algebra,1,1,1,
3,3,16+,4,13-07-2023 17:52,13-07-2023 17:53,1,55,Image Choice,Algebra,1,1,1,
4,4,16+,4,15-07-2023 14:44,15-07-2023 14:46,1,60,Image Choice,Algebra,1,1,1,
5,5,15,4,15-07-2023 14:50,15-07-2023 14:51,1,60,Image Choice,Algebra,1,1,1,
6,6,16+,4,15-07-2023 15:10,15-07-2023 15:17,0,420,Image Choice,Algebra,1,1,1,
7,7,16+,4,15-07-2023 15:40,15-07-2023 15:40,0,6,Image Choice,Algebra,1,1,1,
8,8,15,4,15-07-2023 16:23,15-07-2023 16:24,0,45,Image Choice,Algebra,1,1,1,
9,9,16+,4,15-07-2023 17:36,15-07-2023 17:39,1,180,Image Choice,Algebra,1,1,1,
10,10,16+,4,15-07-2023 21:24,15-07-2023 21:25,1,15,Image Choice,Algebra,1,1,1,
11,11,15,4,15-07-2023 23:00,15-07-2023 23:01,0,47,Image Choice,Algebra,1,1,1,
12,12,15,4,16-07-2023 09:39,16-07-2023 09:40,0,20,Image Choice,Algebra,1,1,1,
13,13,15,4,16-07-2023 22:54,16-07-2023 22:55,1,58,Image Choice,Algebra,1,1,1,
14,14,16+,4,17-07-2023 22:20,17-07-2023 22:24,0,180,Image Choice,Algebra,1,1,1,
15,15,15,4,17-07-2023 22:43,17-07-2023 22:44,1,60,Image Choice,Algebra,1,1,1,
16,16,14,4,17-07-2023 14:29,17-07-2023 14:38,1,540,Image Choice,Algebra,1,1,1,
17,17,13,4,18-07-2023 04:54,18-07-2023 04:59,1,240,Image Choice,Algebra,1,1,1,
18,18,14,4,18-07-2023 21:19,18-07-2023 21:24,1,300,Image Choice,Algebra,1,1,1,
19,19,13,4,20-07-2023 04:24,20-07-2023 04:24,1,19,Image Choice,Algebra,1,1,1,
20,20,14,4,21-07-2023 14:58,21-07-2023 15:00,1,60,Image Choice,Algebra,1,1,1,
21,21,15,4,22-07-2023 10:51,22-07-2023 10:53,0,60,Image Choice,Algebra,1,1,1,
22,22,16+,4,22-07-2023 17:23,22-07-2023 17:25,1,120,Image Choice,Algebra,1,1,1,
23,23,16+,4,22-07-2023 18:13,22-07-2023 18:13,0,10,Image Choice,Algebra,1,1,1,
24,24,15,4,23-07-2023 11:37,23-07-2023 11:39,1,120,Image Choice,Algebra,1,1,1,
25,25,16+,4,23-07-2023 12:20,23-07-2023 12:26,1,360,Image Choice,Algebra,1,1,1,
26,26,15,4,24-07-2023 16:58,24-07-2023 16:58,1,37,Image Choice,Algebra,1,1,1,
1,1,15,6,10-07-2023 16:11,10-07-2023 16:14,1,180,Multiple Choice,Algebra,1,1,2,"1,2"
2,2,13,6,11-07-2023 07:31,11-07-2023 07:39,1,420,Multiple Choice,Algebra,1,1,2,"1,2"
3,3,16+,6,13-07-2023 17:54,13-07-2023 17:55,1,60,Multiple Choice,Algebra,1,1,2,"1,2"
4,4,16+,6,15-07-2023 14:51,15-07-2023 14:52,1,60,Multiple Choice,Algebra,1,1,2,"1,2"
5,5,15,6,15-07-2023 15:00,15-07-2023 15:01,0,9,Multiple Choice,Algebra,1,1,2,"1,2"
6,6,16+,6,15-07-2023 15:18,15-07-2023 15:21,0,120,Multiple Choice,Algebra,1,1,2,"1,2"
7,7,16+,6,15-07-2023 15:41,15-07-2023 15:41,1,3,Multiple Choice,Algebra,1,1,2,"1,2"
8,8,15,6,15-07-2023 16:25,15-07-2023 16:25,0,27,Multiple Choice,Algebra,1,1,2,"1,2"
9,9,16+,6,15-07-2023 17:43,15-07-2023 17:44,1,34,Multiple Choice,Algebra,1,1,2,"1,2"
10,10,16+,6,15-07-2023 20:56,15-07-2023 20:58,1,60,Multiple Choice,Algebra,1,1,2,"1,2"
11,11,15,6,15-07-2023 23:02,15-07-2023 23:03,1,52,Multiple Choice,Algebra,1,1,2,"1,2"
12,12,15,6,16-07-2023 09:41,16-07-2023 09:41,0,2,Multiple Choice,Algebra,1,1,2,"1,2"
13,13,15,6,16-07-2023 22:56,16-07-2023 23:03,1,420,Multiple Choice,Algebra,1,1,2,"1,2"
14,14,16+,6,17-07-2023 22:26,17-07-2023 22:27,0,45,Multiple Choice,Algebra,1,1,2,"1,2"
15,15,15,6,17-07-2023 22:45,17-07-2023 22:47,0,60,Multiple Choice,Algebra,1,1,2,"1,2"
16,16,14,6,17-07-2023 14:39,17-07-2023 14:42,1,120,Multiple Choice,Algebra,1,1,2,"1,2"
17,17,13,6,18-07-2023 04:35,18-07-2023 04:37,1,120,Multiple Choice,Algebra,1,1,2,"1,2"
18,18,14,6,18-07-2023 22:49,18-07-2023 22:49,1,3,Multiple Choice,Algebra,1,1,2,"1,2"
19,19,13,6,20-07-2023 04:25,20-07-2023 04:25,0,6,Multiple Choice,Algebra,1,1,2,"1,2"
20,20,14,6,21-07-2023 15:01,21-07-2023 15:06,1,300,Multiple Choice,Algebra,1,1,2,"1,2"
21,21,15,6,22-07-2023 10:55,22-07-2023 10:55,0,44,Multiple Choice,Algebra,1,1,2,"1,2"
22,22,16+,6,22-07-2023 17:27,22-07-2023 17:33,0,360,Multiple Choice,Algebra,1,1,2,"1,2"
23,23,16+,6,22-07-2023 18:14,22-07-2023 18:14,1,8,Multiple Choice,Algebra,1,1,2,"1,2"
24,24,15,6,23-07-2023 12:00,23-07-2023 12:10,1,540,Multiple Choice,Algebra,1,1,2,"1,2"
25,25,16+,6,23-07-2023 12:30,23-07-2023 12:32,0,120,Multiple Choice,Algebra,1,1,2,"1,2"
26,26,15,6,24-07-2023 17:00,24-07-2023 17:02,1,120,Multiple Choice,Algebra,1,1,2,"1,2"
1,1,15,6,10-07-2023 16:11,10-07-2023 16:14,1,180,Multiple Choice,Fractions,1,2,2,"1,2"
2,2,13,6,11-07-2023 07:31,11-07-2023 07:39,1,420,Multiple Choice,Fractions,1,2,2,"1,2"
3,3,16+,6,13-07-2023 17:54,13-07-2023 17:55,1,60,Multiple Choice,Fractions,1,2,2,"1,2"
4,4,16+,6,15-07-2023 14:51,15-07-2023 14:52,1,60,Multiple Choice,Fractions,1,2,2,"1,2"
5,5,15,6,15-07-2023 15:00,15-07-2023 15:01,0,9,Multiple Choice,Fractions,1,2,2,"1,2"
6,6,16+,6,15-07-2023 15:18,15-07-2023 15:21,0,120,Multiple Choice,Fractions,1,2,2,"1,2"
7,7,16+,6,15-07-2023 15:41,15-07-2023 15:41,1,3,Multiple Choice,Fractions,1,2,2,"1,2"
8,8,15,6,15-07-2023 16:25,15-07-2023 16:25,0,27,Multiple Choice,Fractions,1,2,2,"1,2"
9,9,16+,6,15-07-2023 17:43,15-07-2023 17:44,1,34,Multiple Choice,Fractions,1,2,2,"1,2"
10,10,16+,6,15-07-2023 20:56,15-07-2023 20:58,1,60,Multiple Choice,Fractions,1,2,2,"1,2"
11,11,15,6,15-07-2023 23:02,15-07-2023 23:03,1,52,Multiple Choice,Fractions,1,2,2,"1,2"
12,12,15,6,16-07-2023 09:41,16-07-2023 09:41,0,2,Multiple Choice,Fractions,1,2,2,"1,2"
13,13,15,6,16-07-2023 22:56,16-07-2023 23:03,1,420,Multiple Choice,Fractions,1,2,2,"1,2"
14,14,16+,6,17-07-2023 22:26,17-07-2023 22:27,0,45,Multiple Choice,Fractions,1,2,2,"1,2"
15,15,15,6,17-07-2023 22:45,17-07-2023 22:47,0,60,Multiple Choice,Fractions,1,2,2,"1,2"
16,16,14,6,17-07-2023 14:39,17-07-2023 14:42,1,120,Multiple Choice,Fractions,1,2,2,"1,2"
17,17,13,6,18-07-2023 04:35,18-07-2023 04:37,1,120,Multiple Choice,Fractions,1,2,2,"1,2"
18,18,14,6,18-07-2023 22:49,18-07-2023 22:49,1,3,Multiple Choice,Fractions,1,2,2,"1,2"
19,19,13,6,20-07-2023 04:25,20-07-2023 04:25,0,6,Multiple Choice,Fractions,1,2,2,"1,2"
20,20,14,6,21-07-2023 15:01,21-07-2023 15:06,1,300,Multiple Choice,Fractions,1,2,2,"1,2"
21,21,15,6,22-07-2023 10:55,22-07-2023 10:55,0,44,Multiple Choice,Fractions,1,2,2,"1,2"
22,22,16+,6,22-07-2023 17:27,22-07-2023 17:33,0,360,Multiple Choice,Fractions,1,2,2,"1,2"
23,23,16+,6,22-07-2023 18:14,22-07-2023 18:14,1,8,Multiple Choice,Fractions,1,2,2,"1,2"
24,24,15,6,23-07-2023 12:00,23-07-2023 12:10,1,540,Multiple Choice,Fractions,1,2,2,"1,2"
25,25,16+,6,23-07-2023 12:30,23-07-2023 12:32,0,120,Multiple Choice,Fractions,1,2,2,"1,2"
26,26,15,6,24-07-2023 17:00,24-07-2023 17:02,1,120,Multiple Choice,Fractions,1,2,2,"1,2"
1,1,15,5,10-07-2023 16:10,10-07-2023 16:10,1,25,Drag & Drop,Fractions,1,2,3,
2,2,13,5,11-07-2023 07:31,11-07-2023 07:31,1,23,Drag & Drop,Fractions,1,2,3,
3,3,16+,5,13-07-2023 17:53,13-07-2023 17:53,1,24,Drag & Drop,Fractions,1,2,3,
4,4,16+,5,15-07-2023 14:50,15-07-2023 14:51,1,20,Drag & Drop,Fractions,1,2,3,
5,5,15,5,15-07-2023 14:52,15-07-2023 14:52,1,46,Drag & Drop,Fractions,1,2,3,
6,6,16+,5,15-07-2023 15:18,15-07-2023 15:18,1,30,Drag & Drop,Fractions,1,2,3,
7,7,16+,5,15-07-2023 15:40,15-07-2023 15:40,0,16,Drag & Drop,Fractions,1,2,3,
8,8,15,5,15-07-2023 16:24,15-07-2023 16:25,1,49,Drag & Drop,Fractions,1,2,3,
9,9,16+,5,15-07-2023 17:39,15-07-2023 17:40,1,28,Drag & Drop,Fractions,1,2,3,
10,10,16+,5,15-07-2023 20:55,15-07-2023 20:56,0,52,Drag & Drop,Fractions,1,2,3,
11,11,15,5,15-07-2023 23:01,15-07-2023 23:02,1,53,Drag & Drop,Fractions,1,2,3,
12,12,15,5,16-07-2023 09:40,16-07-2023 09:40,1,19,Drag & Drop,Fractions,1,2,3,
13,13,15,5,16-07-2023 22:55,16-07-2023 22:56,1,52,Drag & Drop,Fractions,1,2,3,
14,14,16+,5,17-07-2023 22:24,17-07-2023 22:25,1,44,Drag & Drop,Fractions,1,2,3,
15,15,15,5,17-07-2023 22:44,17-07-2023 22:45,1,27,Drag & Drop,Fractions,1,2,3,
16,16,14,5,17-07-2023 14:39,17-07-2023 14:39,1,13,Drag & Drop,Fractions,1,2,3,
17,17,13,5,18-07-2023 04:33,18-07-2023 04:35,1,60,Drag & Drop,Fractions,1,2,3,
18,18,14,5,18-07-2023 21:24,18-07-2023 21:25,1,24,Drag & Drop,Fractions,1,2,3,
19,19,13,5,19-07-2023 16:58,19-07-2023 16:59,0,29,Drag & Drop,Fractions,1,2,3,
20,20,14,5,21-07-2023 15:00,21-07-2023 15:00,1,29,Drag & Drop,Fractions,1,2,3,
21,21,15,5,22-07-2023 10:54,22-07-2023 10:54,1,40,Drag & Drop,Fractions,1,2,3,
22,22,16+,5,22-07-2023 17:25,22-07-2023 17:26,1,60,Drag & Drop,Fractions,1,2,3,
23,23,16+,5,22-07-2023 18:13,22-07-2023 18:13,0,7,Drag & Drop,Fractions,1,2,3,
24,24,15,5,23-07-2023 11:39,23-07-2023 11:40,1,44,Drag & Drop,Fractions,1,2,3,
25,25,16+,5,23-07-2023 12:27,23-07-2023 12:30,1,180,Drag & Drop,Fractions,1,2,3,
26,26,15,5,24-07-2023 16:58,24-07-2023 16:59,1,15,Drag & Drop,Fractions,1,2,3,
1,1,15,1,10-07-2023 16:02,10-07-2023 16:03,1,50,Single Choice set,Geometry,1,3,4,
2,2,13,1,11-07-2023 07:25,11-07-2023 07:27,1,60,Single Choice set,Geometry,1,3,4,
3,3,16+,1,13-07-2023 17:49,13-07-2023 17:50,1,33,Single Choice set,Geometry,1,3,4,
4,4,16+,1,15-07-2023 14:40,15-07-2023 14:41,0,60,Single Choice set,Geometry,1,3,4,
5,5,15,1,15-07-2023 14:43,15-07-2023 14:44,1,60,Single Choice set,Geometry,1,3,4,
6,6,16+,1,15-07-2023 15:01,15-07-2023 15:01,1,50,Single Choice set,Geometry,1,3,4,
7,7,16+,1,15-07-2023 15:39,15-07-2023 15:39,0,5,Single Choice set,Geometry,1,3,4,
8,8,15,1,15-07-2023 16:19,15-07-2023 16:21,0,60,Single Choice set,Geometry,1,3,4,
9,9,16+,1,15-07-2023 17:28,15-07-2023 17:33,1,240,Single Choice set,Geometry,1,3,4,
10,10,16+,1,15-07-2023 19:57,15-07-2023 19:58,0,60,Single Choice set,Geometry,1,3,4,
11,11,15,1,15-07-2023 22:58,15-07-2023 22:58,1,17,Single Choice set,Geometry,1,3,4,
12,12,15,1,16-07-2023 09:38,16-07-2023 09:38,0,3,Single Choice set,Geometry,1,3,4,
13,13,15,1,16-07-2023 22:49,16-07-2023 22:51,0,120,Single Choice set,Geometry,1,3,4,
14,14,16+,1,17-07-2023 22:18,17-07-2023 22:19,0,49,Single Choice set,Geometry,1,3,4,
15,15,15,1,17-07-2023 22:30,17-07-2023 22:38,1,420,Single Choice set,Geometry,1,3,4,
16,16,14,1,17-07-2023 14:25,17-07-2023 14:26,1,42,Single Choice set,Geometry,1,3,4,
17,17,13,1,18-07-2023 04:22,18-07-2023 04:28,1,300,Single Choice set,Geometry,1,3,4,
18,18,14,1,18-07-2023 21:15,18-07-2023 21:16,1,60,Single Choice set,Geometry,1,3,4,
19,19,13,1,20-07-2023 04:23,20-07-2023 04:23,1,5,Single Choice set,Geometry,1,3,4,
20,20,14,1,21-07-2023 14:54,21-07-2023 14:56,0,60,Single Choice set,Geometry,1,3,4,
21,21,15,1,22-07-2023 10:45,22-07-2023 10:47,1,120,Single Choice set,Geometry,1,3,4,
22,22,16+,1,22-07-2023 17:18,22-07-2023 17:20,1,60,Single Choice set,Geometry,1,3,4,
23,23,16+,1,22-07-2023 18:16,22-07-2023 18:16,1,3,Single Choice set,Geometry,1,3,4,
24,24,15,1,23-07-2023 11:28,23-07-2023 11:30,1,60,Single Choice set,Geometry,1,3,4,
25,25,16+,1,23-07-2023 12:10,23-07-2023 12:15,0,240,Single Choice set,Geometry,1,3,4,
26,26,15,1,24-07-2023 16:55,24-07-2023 16:56,1,46,Single Choice set,Geometry,1,3,4,
1,1,15,10,10-07-2023 16:18,10-07-2023 16:19,1,39,Single Choice set,Numbers,1,4,5,"4,1,2"
2,2,13,10,11-07-2023 07:43,11-07-2023 07:44,1,26,Single Choice set,Numbers,1,4,5,"4,1,2"
3,3,16+,10,13-07-2023 17:58,13-07-2023 17:58,0,43,Single Choice set,Numbers,1,4,5,"4,1,2"
4,4,16+,10,15-07-2023 15:00,15-07-2023 15:01,1,60,Single Choice set,Numbers,1,4,5,"4,1,2"
5,5,15,10,15-07-2023 15:08,15-07-2023 15:15,1,360,Single Choice set,Numbers,1,4,5,"4,1,2"
6,6,16+,10,15-07-2023 15:27,15-07-2023 15:29,1,60,Single Choice set,Numbers,1,4,5,"4,1,2"
7,7,16+,10,15-07-2023 15:42,15-07-2023 15:42,1,12,Single Choice set,Numbers,1,4,5,"4,1,2"
8,8,15,10,15-07-2023 16:28,15-07-2023 16:29,1,37,Single Choice set,Numbers,1,4,5,"4,1,2"
9,9,16+,10,15-07-2023 17:47,15-07-2023 17:47,0,23,Single Choice set,Numbers,1,4,5,"4,1,2"
10,10,16+,10,15-07-2023 21:04,15-07-2023 21:05,1,60,Single Choice set,Numbers,1,4,5,"4,1,2"
11,11,15,10,15-07-2023 23:09,15-07-2023 23:10,0,60,Single Choice set,Numbers,1,4,5,"4,1,2"
12,12,15,10,16-07-2023 09:42,16-07-2023 09:42,1,3,Single Choice set,Numbers,1,4,5,"4,1,2"
13,13,15,10,16-07-2023 23:19,16-07-2023 23:29,1,600,Single Choice set,Numbers,1,4,5,"4,1,2"
14,14,16+,10,17-07-2023 22:32,17-07-2023 22:32,1,5,Single Choice set,Numbers,1,4,5,"4,1,2"
15,15,15,10,17-07-2023 22:52,17-07-2023 22:55,0,180,Single Choice set,Numbers,1,4,5,"4,1,2"
16,16,14,10,17-07-2023 21:59,17-07-2023 22:00,0,60,Single Choice set,Numbers,1,4,5,"4,1,2"
17,17,13,10,18-07-2023 04:53,18-07-2023 04:54,1,60,Single Choice set,Numbers,1,4,5,"4,1,2"
18,18,14,10,18-07-2023 21:33,18-07-2023 21:33,1,11,Single Choice set,Numbers,1,4,5,"4,1,2"
19,19,13,10,19-07-2023 16:59,19-07-2023 17:02,0,120,Single Choice set,Numbers,1,4,5,"4,1,2"
20,20,14,10,21-07-2023 15:15,21-07-2023 15:17,1,60,Single Choice set,Numbers,1,4,5,"4,1,2"
21,21,15,10,23-07-2023 16:08,23-07-2023 16:08,1,4,Single Choice set,Numbers,1,4,5,"4,1,2"
22,22,16+,10,22-07-2023 17:48,22-07-2023 17:49,0,57,Single Choice set,Numbers,1,4,5,"4,1,2"
23,23,16+,10,22-07-2023 18:17,22-07-2023 18:17,1,3,Single Choice set,Numbers,1,4,5,"4,1,2"
24,24,15,10,23-07-2023 11:57,23-07-2023 12:00,1,180,Single Choice set,Numbers,1,4,5,"4,1,2"
25,25,16+,10,23-07-2023 12:37,23-07-2023 12:39,0,120,Single Choice set,Numbers,1,4,5,"4,1,2"
26,26,15,10,24-07-2023 17:05,24-07-2023 17:07,1,60,Single Choice set,Numbers,1,4,5,"4,1,2"
1,1,15,10,10-07-2023 16:18,10-07-2023 16:19,1,39,Single Choice set,Algebra ,1,1,5,"4,1,2"
2,2,13,10,11-07-2023 07:43,11-07-2023 07:44,1,26,Single Choice set,Algebra ,1,1,5,"4,1,2"
3,3,16+,10,13-07-2023 17:58,13-07-2023 17:58,0,43,Single Choice set,Algebra ,1,1,5,"4,1,2"
4,4,16+,10,15-07-2023 15:00,15-07-2023 15:01,1,60,Single Choice set,Algebra ,1,1,5,"4,1,2"
5,5,15,10,15-07-2023 15:08,15-07-2023 15:15,1,360,Single Choice set,Algebra ,1,1,5,"4,1,2"
6,6,16+,10,15-07-2023 15:27,15-07-2023 15:29,1,60,Single Choice set,Algebra ,1,1,5,"4,1,2"
7,7,16+,10,15-07-2023 15:42,15-07-2023 15:42,1,12,Single Choice set,Algebra ,1,1,5,"4,1,2"
8,8,15,10,15-07-2023 16:28,15-07-2023 16:29,1,37,Single Choice set,Algebra ,1,1,5,"4,1,2"
9,9,16+,10,15-07-2023 17:47,15-07-2023 17:47,0,23,Single Choice set,Algebra ,1,1,5,"4,1,2"
10,10,16+,10,15-07-2023 21:04,15-07-2023 21:05,1,60,Single Choice set,Algebra ,1,1,5,"4,1,2"
11,11,15,10,15-07-2023 23:09,15-07-2023 23:10,0,60,Single Choice set,Algebra ,1,1,5,"4,1,2"
12,12,15,10,16-07-2023 09:42,16-07-2023 09:42,1,3,Single Choice set,Algebra ,1,1,5,"4,1,2"
13,13,15,10,16-07-2023 23:19,16-07-2023 23:29,1,600,Single Choice set,Algebra ,1,1,5,"4,1,2"
14,14,16+,10,17-07-2023 22:32,17-07-2023 22:32,1,5,Single Choice set,Algebra ,1,1,5,"4,1,2"
15,15,15,10,17-07-2023 22:52,17-07-2023 22:55,0,180,Single Choice set,Algebra ,1,1,5,"4,1,2"
16,16,14,10,17-07-2023 21:59,17-07-2023 22:00,0,60,Single Choice set,Algebra ,1,1,5,"4,1,2"
17,17,13,10,18-07-2023 04:53,18-07-2023 04:54,1,60,Single Choice set,Algebra ,1,1,5,"4,1,2"
18,18,14,10,18-07-2023 21:33,18-07-2023 21:33,1,11,Single Choice set,Algebra ,1,1,5,"4,1,2"
19,19,13,10,19-07-2023 16:59,19-07-2023 17:02,0,120,Single Choice set,Algebra ,1,1,5,"4,1,2"
20,20,14,10,21-07-2023 15:15,21-07-2023 15:17,1,60,Single Choice set,Algebra ,1,1,5,"4,1,2"
21,21,15,10,23-07-2023 16:08,23-07-2023 16:08,1,4,Single Choice set,Algebra ,1,1,5,"4,1,2"
22,22,16+,10,22-07-2023 17:48,22-07-2023 17:49,0,57,Single Choice set,Algebra ,1,1,5,"4,1,2"
23,23,16+,10,22-07-2023 18:17,22-07-2023 18:17,1,3,Single Choice set,Algebra ,1,1,5,"4,1,2"
24,24,15,10,23-07-2023 11:57,23-07-2023 12:00,1,180,Single Choice set,Algebra ,1,1,5,"4,1,2"
25,25,16+,10,23-07-2023 12:37,23-07-2023 12:39,0,120,Single Choice set,Algebra ,1,1,5,"4,1,2"
26,26,15,10,24-07-2023 17:05,24-07-2023 17:07,1,60,Single Choice set,Algebra ,1,1,5,"4,1,2"
1,1,15,10,10-07-2023 16:18,10-07-2023 16:19,1,39,Single Choice set,Fractions,1,2,5,"4,1,2"
2,2,13,10,11-07-2023 07:43,11-07-2023 07:44,1,26,Single Choice set,Fractions,1,2,5,"4,1,2"
3,3,16+,10,13-07-2023 17:58,13-07-2023 17:58,0,43,Single Choice set,Fractions,1,2,5,"4,1,2"
4,4,16+,10,15-07-2023 15:00,15-07-2023 15:01,1,60,Single Choice set,Fractions,1,2,5,"4,1,2"
5,5,15,10,15-07-2023 15:08,15-07-2023 15:15,1,360,Single Choice set,Fractions,1,2,5,"4,1,2"
6,6,16+,10,15-07-2023 15:27,15-07-2023 15:29,1,60,Single Choice set,Fractions,1,2,5,"4,1,2"
7,7,16+,10,15-07-2023 15:42,15-07-2023 15:42,1,12,Single Choice set,Fractions,1,2,5,"4,1,2"
8,8,15,10,15-07-2023 16:28,15-07-2023 16:29,1,37,Single Choice set,Fractions,1,2,5,"4,1,2"
9,9,16+,10,15-07-2023 17:47,15-07-2023 17:47,0,23,Single Choice set,Fractions,1,2,5,"4,1,2"
10,10,16+,10,15-07-2023 21:04,15-07-2023 21:05,1,60,Single Choice set,Fractions,1,2,5,"4,1,2"
11,11,15,10,15-07-2023 23:09,15-07-2023 23:10,0,60,Single Choice set,Fractions,1,2,5,"4,1,2"
12,12,15,10,16-07-2023 09:42,16-07-2023 09:42,1,3,Single Choice set,Fractions,1,2,5,"4,1,2"
13,13,15,10,16-07-2023 23:19,16-07-2023 23:29,1,600,Single Choice set,Fractions,1,2,5,"4,1,2"
14,14,16+,10,17-07-2023 22:32,17-07-2023 22:32,1,5,Single Choice set,Fractions,1,2,5,"4,1,2"
15,15,15,10,17-07-2023 22:52,17-07-2023 22:55,0,180,Single Choice set,Fractions,1,2,5,"4,1,2"
16,16,14,10,17-07-2023 21:59,17-07-2023 22:00,0,60,Single Choice set,Fractions,1,2,5,"4,1,2"
17,17,13,10,18-07-2023 04:53,18-07-2023 04:54,1,60,Single Choice set,Fractions,1,2,5,"4,1,2"
18,18,14,10,18-07-2023 21:33,18-07-2023 21:33,1,11,Single Choice set,Fractions,1,2,5,"4,1,2"
19,19,13,10,19-07-2023 16:59,19-07-2023 17:02,0,120,Single Choice set,Fractions,1,2,5,"4,1,2"
20,20,14,10,21-07-2023 15:15,21-07-2023 15:17,1,60,Single Choice set,Fractions,1,2,5,"4,1,2"
21,21,15,10,23-07-2023 16:08,23-07-2023 16:08,1,4,Single Choice set,Fractions,1,2,5,"4,1,2"
22,22,16+,10,22-07-2023 17:48,22-07-2023 17:49,0,57,Single Choice set,Fractions,1,2,5,"4,1,2"
23,23,16+,10,22-07-2023 18:17,22-07-2023 18:17,1,3,Single Choice set,Fractions,1,2,5,"4,1,2"
24,24,15,10,23-07-2023 11:57,23-07-2023 12:00,1,180,Single Choice set,Fractions,1,2,5,"4,1,2"
25,25,16+,10,23-07-2023 12:37,23-07-2023 12:39,0,120,Single Choice set,Fractions,1,2,5,"4,1,2"
26,26,15,10,24-07-2023 17:05,24-07-2023 17:07,1,60,Single Choice set,Fractions,1,2,5,"4,1,2"
1,1,15,8,10-07-2023 16:14,10-07-2023 16:16,1,60,Drag the Words,Numbers ,1,4,6,"4,3,2"
2,2,13,8,11-07-2023 07:41,11-07-2023 07:42,0,15,Drag the Words,Numbers,1,4,6,"4,3,2"
3,3,16+,8,13-07-2023 17:55,13-07-2023 17:56,1,49,Drag the Words,Numbers ,1,4,6,"4,3,2"
4,4,16+,8,15-07-2023 14:57,15-07-2023 14:58,1,60,Drag the Words,Numbers,1,4,6,"4,3,2"
5,5,15,8,15-07-2023 15:00,15-07-2023 15:06,1,300,Drag the Words,Numbers ,1,4,6,"4,3,2"
6,6,16+,8,15-07-2023 15:21,15-07-2023 15:23,1,120,Drag the Words,Numbers,1,4,6,"4,3,2"
7,7,16+,8,15-07-2023 15:41,15-07-2023 15:41,0,8,Drag the Words,Numbers ,1,4,6,"4,3,2"
8,8,15,8,15-07-2023 16:27,15-07-2023 16:28,1,60,Drag the Words,Numbers,1,4,6,"4,3,2"
9,9,16+,8,15-07-2023 17:44,15-07-2023 17:46,0,60,Drag the Words,Numbers ,1,4,6,"4,3,2"
10,10,16+,8,15-07-2023 21:01,15-07-2023 21:02,1,60,Drag the Words,Numbers,1,4,6,"4,3,2"
11,11,15,8,15-07-2023 23:04,15-07-2023 23:05,0,60,Drag the Words,Numbers ,1,4,6,"4,3,2"
12,12,15,8,16-07-2023 09:41,16-07-2023 09:41,1,39,Drag the Words,Numbers,1,4,6,"4,3,2"
13,13,15,8,16-07-2023 23:01,16-07-2023 23:08,1,360,Drag the Words,Numbers ,1,4,6,"4,3,2"
14,14,16+,8,17-07-2023 22:31,17-07-2023 22:32,1,60,Drag the Words,Numbers,1,4,6,"4,3,2"
15,15,15,8,17-07-2023 22:45,17-07-2023 22:51,1,300,Drag the Words,Numbers ,1,4,6,"4,3,2"
16,16,14,8,17-07-2023 14:40,17-07-2023 14:47,0,360,Drag the Words,Numbers,1,4,6,"4,3,2"
17,17,13,8,18-07-2023 04:30,18-07-2023 04:51,1,1200,Drag the Words,Numbers ,1,4,6,"4,3,2"
18,18,14,8,18-07-2023 21:26,18-07-2023 21:30,1,180,Drag the Words,Numbers,1,4,6,"4,3,2"
19,19,13,8,19-07-2023 17:59,19-07-2023 18:01,0,120,Drag the Words,Numbers ,1,4,6,"4,3,2"
20,20,14,8,21-07-2023 15:09,21-07-2023 15:11,1,120,Drag the Words,Numbers,1,4,6,"4,3,2"
21,21,15,8,22-07-2023 10:55,22-07-2023 11:00,1,300,Drag the Words,Numbers ,1,4,6,"4,3,2"
22,22,16+,8,22-07-2023 17:44,22-07-2023 17:46,1,120,Drag the Words,Numbers,1,4,6,"4,3,2"
23,23,16+,8,22-07-2023 18:14,22-07-2023 18:14,0,4,Drag the Words,Numbers ,1,4,6,"4,3,2"
24,24,15,8,23-07-2023 11:47,23-07-2023 11:54,1,420,Drag the Words,Numbers,1,4,6,"4,3,2"
25,25,16+,8,23-07-2023 12:32,23-07-2023 12:35,1,120,Drag the Words,Numbers ,1,4,6,"4,3,2"
26,26,15,8,24-07-2023 17:03,24-07-2023 17:04,1,59,Drag the Words,Numbers,1,4,6,"4,3,2"
1,1,15,8,10-07-2023 16:14,10-07-2023 16:16,1,60,Drag the Words,Geometry ,1,3,6,"4,3,2"
2,2,13,8,11-07-2023 07:41,11-07-2023 07:42,0,15,Drag the Words,Geometry,1,3,6,"4,3,2"
3,3,16+,8,13-07-2023 17:55,13-07-2023 17:56,1,49,Drag the Words,Geometry ,1,3,6,"4,3,2"
4,4,16+,8,15-07-2023 14:57,15-07-2023 14:58,1,60,Drag the Words,Geometry,1,3,6,"4,3,2"
5,5,15,8,15-07-2023 15:00,15-07-2023 15:06,1,300,Drag the Words,Geometry ,1,3,6,"4,3,2"
6,6,16+,8,15-07-2023 15:21,15-07-2023 15:23,1,120,Drag the Words,Geometry,1,3,6,"4,3,2"
7,7,16+,8,15-07-2023 15:41,15-07-2023 15:41,0,8,Drag the Words,Geometry ,1,3,6,"4,3,2"
8,8,15,8,15-07-2023 16:27,15-07-2023 16:28,1,60,Drag the Words,Geometry,1,3,6,"4,3,2"
9,9,16+,8,15-07-2023 17:44,15-07-2023 17:46,0,60,Drag the Words,Geometry ,1,3,6,"4,3,2"
10,10,16+,8,15-07-2023 21:01,15-07-2023 21:02,1,60,Drag the Words,Geometry,1,3,6,"4,3,2"
11,11,15,8,15-07-2023 23:04,15-07-2023 23:05,0,60,Drag the Words,Geometry ,1,3,6,"4,3,2"
12,12,15,8,16-07-2023 09:41,16-07-2023 09:41,1,39,Drag the Words,Geometry,1,3,6,"4,3,2"
13,13,15,8,16-07-2023 23:01,16-07-2023 23:08,1,360,Drag the Words,Geometry ,1,3,6,"4,3,2"
14,14,16+,8,17-07-2023 22:31,17-07-2023 22:32,1,60,Drag the Words,Geometry,1,3,6,"4,3,2"
15,15,15,8,17-07-2023 22:45,17-07-2023 22:51,1,300,Drag the Words,Geometry ,1,3,6,"4,3,2"
16,16,14,8,17-07-2023 14:40,17-07-2023 14:47,0,360,Drag the Words,Geometry,1,3,6,"4,3,2"
17,17,13,8,18-07-2023 04:30,18-07-2023 04:51,1,1200,Drag the Words,Geometry ,1,3,6,"4,3,2"
18,18,14,8,18-07-2023 21:26,18-07-2023 21:30,1,180,Drag the Words,Geometry,1,3,6,"4,3,2"
19,19,13,8,19-07-2023 17:59,19-07-2023 18:01,0,120,Drag the Words,Geometry ,1,3,6,"4,3,2"
20,20,14,8,21-07-2023 15:09,21-07-2023 15:11,1,120,Drag the Words,Geometry,1,3,6,"4,3,2"
21,21,15,8,22-07-2023 10:55,22-07-2023 11:00,1,300,Drag the Words,Geometry ,1,3,6,"4,3,2"
22,22,16+,8,22-07-2023 17:44,22-07-2023 17:46,1,120,Drag the Words,Geometry,1,3,6,"4,3,2"
23,23,16+,8,22-07-2023 18:14,22-07-2023 18:14,0,4,Drag the Words,Geometry ,1,3,6,"4,3,2"
24,24,15,8,23-07-2023 11:47,23-07-2023 11:54,1,420,Drag the Words,Geometry,1,3,6,"4,3,2"
25,25,16+,8,23-07-2023 12:32,23-07-2023 12:35,1,120,Drag the Words,Geometry ,1,3,6,"4,3,2"
26,26,15,8,24-07-2023 17:03,24-07-2023 17:04,1,59,Drag the Words,Geometry,1,3,6,"4,3,2"
1,1,15,8,10-07-2023 16:14,10-07-2023 16:16,1,60,Drag the Words,Fractions,1,2,6,"4,3,2"
2,2,13,8,11-07-2023 07:41,11-07-2023 07:42,0,15,Drag the Words,Fractions,1,2,6,"4,3,2"
3,3,16+,8,13-07-2023 17:55,13-07-2023 17:56,1,49,Drag the Words,Fractions,1,2,6,"4,3,2"
4,4,16+,8,15-07-2023 14:57,15-07-2023 14:58,1,60,Drag the Words,Fractions,1,2,6,"4,3,2"
5,5,15,8,15-07-2023 15:00,15-07-2023 15:06,1,300,Drag the Words,Fractions,1,2,6,"4,3,2"
6,6,16+,8,15-07-2023 15:21,15-07-2023 15:23,1,120,Drag the Words,Fractions,1,2,6,"4,3,2"
7,7,16+,8,15-07-2023 15:41,15-07-2023 15:41,0,8,Drag the Words,Fractions,1,2,6,"4,3,2"
8,8,15,8,15-07-2023 16:27,15-07-2023 16:28,1,60,Drag the Words,Fractions,1,2,6,"4,3,2"
9,9,16+,8,15-07-2023 17:44,15-07-2023 17:46,0,60,Drag the Words,Fractions,1,2,6,"4,3,2"
10,10,16+,8,15-07-2023 21:01,15-07-2023 21:02,1,60,Drag the Words,Fractions,1,2,6,"4,3,2"
11,11,15,8,15-07-2023 23:04,15-07-2023 23:05,0,60,Drag the Words,Fractions,1,2,6,"4,3,2"
12,12,15,8,16-07-2023 09:41,16-07-2023 09:41,1,39,Drag the Words,Fractions,1,2,6,"4,3,2"
13,13,15,8,16-07-2023 23:01,16-07-2023 23:08,1,360,Drag the Words,Fractions,1,2,6,"4,3,2"
14,14,16+,8,17-07-2023 22:31,17-07-2023 22:32,1,60,Drag the Words,Fractions,1,2,6,"4,3,2"
15,15,15,8,17-07-2023 22:45,17-07-2023 22:51,1,300,Drag the Words,Fractions,1,2,6,"4,3,2"
16,16,14,8,17-07-2023 14:40,17-07-2023 14:47,0,360,Drag the Words,Fractions,1,2,6,"4,3,2"
17,17,13,8,18-07-2023 04:30,18-07-2023 04:51,1,1200,Drag the Words,Fractions,1,2,6,"4,3,2"
18,18,14,8,18-07-2023 21:26,18-07-2023 21:30,1,180,Drag the Words,Fractions,1,2,6,"4,3,2"
19,19,13,8,19-07-2023 17:59,19-07-2023 18:01,0,120,Drag the Words,Fractions,1,2,6,"4,3,2"
20,20,14,8,21-07-2023 15:09,21-07-2023 15:11,1,120,Drag the Words,Fractions,1,2,6,"4,3,2"
21,21,15,8,22-07-2023 10:55,22-07-2023 11:00,1,300,Drag the Words,Fractions,1,2,6,"4,3,2"
22,22,16+,8,22-07-2023 17:44,22-07-2023 17:46,1,120,Drag the Words,Fractions,1,2,6,"4,3,2"
23,23,16+,8,22-07-2023 18:14,22-07-2023 18:14,0,4,Drag the Words,Fractions,1,2,6,"4,3,2"
24,24,15,8,23-07-2023 11:47,23-07-2023 11:54,1,420,Drag the Words,Fractions,1,2,6,"4,3,2"
25,25,16+,8,23-07-2023 12:32,23-07-2023 12:35,1,120,Drag the Words,Fractions,1,2,6,"4,3,2"
26,26,15,8,24-07-2023 17:03,24-07-2023 17:04,1,59,Drag the Words,Fractions,1,2,6,"4,3,2"
1,1,15,7,10-07-2023 16:14,10-07-2023 16:15,1,29,Drag & Drop,Numbers,1,4,7,"4,3,5"
2,2,13,7,11-07-2023 07:41,11-07-2023 07:41,1,3,Drag & Drop,Numbers ,1,4,7,"4,3,5"
3,3,16+,7,13-07-2023 17:54,13-07-2023 17:55,1,60,Drag & Drop,Numbers,1,4,7,"4,3,5"
4,4,16+,7,15-07-2023 14:51,15-07-2023 14:52,1,60,Drag & Drop,Numbers ,1,4,7,"4,3,5"
5,5,15,7,15-07-2023 15:00,15-07-2023 15:01,0,9,Drag & Drop,Numbers,1,4,7,"4,3,5"
6,6,16+,7,15-07-2023 15:18,15-07-2023 15:21,0,120,Drag & Drop,Numbers ,1,4,7,"4,3,5"
7,7,16+,7,15-07-2023 15:41,15-07-2023 15:41,1,3,Drag & Drop,Numbers,1,4,7,"4,3,5"
8,8,15,7,15-07-2023 16:25,15-07-2023 16:25,0,27,Drag & Drop,Numbers ,1,4,7,"4,3,5"
9,9,16+,7,15-07-2023 17:43,15-07-2023 17:44,1,34,Drag & Drop,Numbers,1,4,7,"4,3,5"
10,10,16+,7,15-07-2023 20:56,15-07-2023 20:58,1,60,Drag & Drop,Numbers ,1,4,7,"4,3,5"
11,11,15,7,15-07-2023 23:03,15-07-2023 23:04,1,60,Drag & Drop,Numbers,1,4,7,"4,3,5"
12,12,15,7,16-07-2023 09:41,16-07-2023 09:41,0,3,Drag & Drop,Numbers ,1,4,7,"4,3,5"
13,13,15,7,16-07-2023 23:03,16-07-2023 23:04,1,55,Drag & Drop,Numbers,1,4,7,"4,3,5"
14,14,16+,7,17-07-2023 22:27,17-07-2023 22:28,0,60,Drag & Drop,Numbers ,1,4,7,"4,3,5"
15,15,15,7,16-07-2023 09:41,16-07-2023 09:41,0,3,Drag & Drop,Numbers,1,4,7,"4,3,5"
16,16,14,7,17-07-2023 14:42,17-07-2023 14:43,0,55,Drag & Drop,Numbers ,1,4,7,"4,3,5"
17,17,13,7,18-07-2023 04:37,18-07-2023 04:40,1,120,Drag & Drop,Numbers,1,4,7,"4,3,5"
18,18,14,7,18-07-2023 21:28,18-07-2023 21:28,1,28,Drag & Drop,Numbers ,1,4,7,"4,3,5"
19,19,13,7,19-07-2023 17:59,19-07-2023 17:59,1,15,Drag & Drop,Numbers,1,4,7,"4,3,5"
20,20,14,7,21-07-2023 15:06,21-07-2023 15:07,0,55,Drag & Drop,Numbers ,1,4,7,"4,3,5"
21,21,15,7,22-07-2023 10:56,22-07-2023 10:57,1,60,Drag & Drop,Numbers,1,4,7,"4,3,5"
22,22,16+,7,22-07-2023 17:43,22-07-2023 17:45,1,120,Drag & Drop,Numbers ,1,4,7,"4,3,5"
23,23,16+,7,22-07-2023 18:14,22-07-2023 18:14,0,2,Drag & Drop,Numbers,1,4,7,"4,3,5"
24,24,15,7,23-07-2023 11:49,23-07-2023 11:50,1,27,Drag & Drop,Numbers ,1,4,7,"4,3,5"
25,25,16+,7,23-07-2023 12:33,23-07-2023 12:33,1,49,Drag & Drop,Numbers,1,4,7,"4,3,5"
26,26,15,7,24-07-2023 17:03,24-07-2023 17:03,1,21,Drag & Drop,Numbers ,1,4,7,"4,3,5"
1,1,15,7,10-07-2023 16:14,10-07-2023 16:15,1,29,Drag & Drop,Geometry,1,3,7,"4,3,5"
2,2,13,7,11-07-2023 07:41,11-07-2023 07:41,1,3,Drag & Drop,Geometry ,1,3,7,"4,3,5"
3,3,16+,7,13-07-2023 17:54,13-07-2023 17:55,1,60,Drag & Drop,Geometry,1,3,7,"4,3,5"
4,4,16+,7,15-07-2023 14:51,15-07-2023 14:52,1,60,Drag & Drop,Geometry ,1,3,7,"4,3,5"
5,5,15,7,15-07-2023 15:00,15-07-2023 15:01,0,9,Drag & Drop,Geometry,1,3,7,"4,3,5"
6,6,16+,7,15-07-2023 15:18,15-07-2023 15:21,0,120,Drag & Drop,Geometry ,1,3,7,"4,3,5"
7,7,16+,7,15-07-2023 15:41,15-07-2023 15:41,1,3,Drag & Drop,Geometry,1,3,7,"4,3,5"
8,8,15,7,15-07-2023 16:25,15-07-2023 16:25,0,27,Drag & Drop,Geometry ,1,3,7,"4,3,5"
9,9,16+,7,15-07-2023 17:43,15-07-2023 17:44,1,34,Drag & Drop,Geometry,1,3,7,"4,3,5"
10,10,16+,7,15-07-2023 20:56,15-07-2023 20:58,1,60,Drag & Drop,Geometry ,1,3,7,"4,3,5"
11,11,15,7,15-07-2023 23:03,15-07-2023 23:04,1,60,Drag & Drop,Geometry,1,3,7,"4,3,5"
12,12,15,7,16-07-2023 09:41,16-07-2023 09:41,0,3,Drag & Drop,Geometry ,1,3,7,"4,3,5"
13,13,15,7,16-07-2023 23:03,16-07-2023 23:04,1,55,Drag & Drop,Geometry,1,3,7,"4,3,5"
14,14,16+,7,17-07-2023 22:27,17-07-2023 22:28,0,60,Drag & Drop,Geometry ,1,3,7,"4,3,5"
15,15,15,7,16-07-2023 09:41,16-07-2023 09:41,0,3,Drag & Drop,Geometry,1,3,7,"4,3,5"
16,16,14,7,17-07-2023 14:42,17-07-2023 14:43,0,55,Drag & Drop,Geometry ,1,3,7,"4,3,5"
17,17,13,7,18-07-2023 04:37,18-07-2023 04:40,1,120,Drag & Drop,Geometry,1,3,7,"4,3,5"
18,18,14,7,18-07-2023 21:28,18-07-2023 21:28,1,28,Drag & Drop,Geometry ,1,3,7,"4,3,5"
19,19,13,7,19-07-2023 17:59,19-07-2023 17:59,1,15,Drag & Drop,Geometry,1,3,7,"4,3,5"
20,20,14,7,21-07-2023 15:06,21-07-2023 15:07,0,55,Drag & Drop,Geometry ,1,3,7,"4,3,5"
21,21,15,7,22-07-2023 10:56,22-07-2023 10:57,1,60,Drag & Drop,Geometry,1,3,7,"4,3,5"
22,22,16+,7,22-07-2023 17:43,22-07-2023 17:45,1,120,Drag & Drop,Geometry ,1,3,7,"4,3,5"
23,23,16+,7,22-07-2023 18:14,22-07-2023 18:14,0,2,Drag & Drop,Geometry,1,3,7,"4,3,5"
24,24,15,7,23-07-2023 11:49,23-07-2023 11:50,1,27,Drag & Drop,Geometry ,1,3,7,"4,3,5"
25,25,16+,7,23-07-2023 12:33,23-07-2023 12:33,1,49,Drag & Drop,Geometry,1,3,7,"4,3,5"
26,26,15,7,24-07-2023 17:03,24-07-2023 17:03,1,21,Drag & Drop,Geometry ,1,3,7,"4,3,5"
1,1,15,7,10-07-2023 16:14,10-07-2023 16:15,1,29,Drag & Drop,Percentages,1,5,7,"4,3,5"
2,2,13,7,11-07-2023 07:41,11-07-2023 07:41,1,3,Drag & Drop,Percentages,1,5,7,"4,3,5"
3,3,16+,7,13-07-2023 17:54,13-07-2023 17:55,1,60,Drag & Drop,Percentages,1,5,7,"4,3,5"
4,4,16+,7,15-07-2023 14:51,15-07-2023 14:52,1,60,Drag & Drop,Percentages,1,5,7,"4,3,5"
5,5,15,7,15-07-2023 15:00,15-07-2023 15:01,0,9,Drag & Drop,Percentages,1,5,7,"4,3,5"
6,6,16+,7,15-07-2023 15:18,15-07-2023 15:21,0,120,Drag & Drop,Percentages,1,5,7,"4,3,5"
7,7,16+,7,15-07-2023 15:41,15-07-2023 15:41,1,3,Drag & Drop,Percentages,1,5,7,"4,3,5"
8,8,15,7,15-07-2023 16:25,15-07-2023 16:25,0,27,Drag & Drop,Percentages,1,5,7,"4,3,5"
9,9,16+,7,15-07-2023 17:43,15-07-2023 17:44,1,34,Drag & Drop,Percentages,1,5,7,"4,3,5"
10,10,16+,7,15-07-2023 20:56,15-07-2023 20:58,1,60,Drag & Drop,Percentages,1,5,7,"4,3,5"
11,11,15,7,15-07-2023 23:03,15-07-2023 23:04,1,60,Drag & Drop,Percentages,1,5,7,"4,3,5"
12,12,15,7,16-07-2023 09:41,16-07-2023 09:41,0,3,Drag & Drop,Percentages,1,5,7,"4,3,5"
13,13,15,7,16-07-2023 23:03,16-07-2023 23:04,1,55,Drag & Drop,Percentages,1,5,7,"4,3,5"
14,14,16+,7,17-07-2023 22:27,17-07-2023 22:28,0,60,Drag & Drop,Percentages,1,5,7,"4,3,5"
15,15,15,7,16-07-2023 09:41,16-07-2023 09:41,0,3,Drag & Drop,Percentages,1,5,7,"4,3,5"
16,16,14,7,17-07-2023 14:42,17-07-2023 14:43,0,55,Drag & Drop,Percentages,1,5,7,"4,3,5"
17,17,13,7,18-07-2023 04:37,18-07-2023 04:40,1,120,Drag & Drop,Percentages,1,5,7,"4,3,5"
18,18,14,7,18-07-2023 21:28,18-07-2023 21:28,1,28,Drag & Drop,Percentages,1,5,7,"4,3,5"
19,19,13,7,19-07-2023 17:59,19-07-2023 17:59,1,15,Drag & Drop,Percentages,1,5,7,"4,3,5"
20,20,14,7,21-07-2023 15:06,21-07-2023 15:07,0,55,Drag & Drop,Percentages,1,5,7,"4,3,5"
21,21,15,7,22-07-2023 10:56,22-07-2023 10:57,1,60,Drag & Drop,Percentages,1,5,7,"4,3,5"
22,22,16+,7,22-07-2023 17:43,22-07-2023 17:45,1,120,Drag & Drop,Percentages,1,5,7,"4,3,5"
23,23,16+,7,22-07-2023 18:14,22-07-2023 18:14,0,2,Drag & Drop,Percentages,1,5,7,"4,3,5"
24,24,15,7,23-07-2023 11:49,23-07-2023 11:50,1,27,Drag & Drop,Percentages,1,5,7,"4,3,5"
25,25,16+,7,23-07-2023 12:33,23-07-2023 12:33,1,49,Drag & Drop,Percentages,1,5,7,"4,3,5"
26,26,15,7,24-07-2023 17:03,24-07-2023 17:03,1,21,Drag & Drop,Percentages,1,5,7,"4,3,5"
1,1,15,9,10-07-2023 16:16,10-07-2023 16:18,1,60,Single Choice set,Numbers,1,4,8,"4,5,6"
2,2,13,9,11-07-2023 07:42,11-07-2023 07:43,1,52,Single Choice set,Numbers,1,4,8,"4,5,6"
3,3,16+,9,13-07-2023 17:56,13-07-2023 17:57,0,60,Single Choice set,Numbers,1,4,8,"4,5,6"
4,4,16+,9,15-07-2023 14:58,15-07-2023 14:59,1,60,Single Choice set,Numbers,1,4,8,"4,5,6"
5,5,15,9,15-07-2023 15:06,15-07-2023 15:08,1,60,Single Choice set,Numbers,1,4,8,"4,5,6"
6,6,16+,9,15-07-2023 15:24,15-07-2023 15:27,0,120,Single Choice set,Numbers,1,4,8,"4,5,6"
7,7,16+,9,15-07-2023 15:42,15-07-2023 15:42,1,3,Single Choice set,Numbers,1,4,8,"4,5,6"
8,8,15,9,15-07-2023 16:28,15-07-2023 16:28,1,7,Single Choice set,Numbers,1,4,8,"4,5,6"
9,9,16+,9,15-07-2023 17:46,15-07-2023 17:47,1,38,Single Choice set,Numbers,1,4,8,"4,5,6"
10,10,16+,9,15-07-2023 21:25,15-07-2023 21:25,1,16,Single Choice set,Numbers,1,4,8,"4,5,6"
11,11,15,9,15-07-2023 23:06,15-07-2023 23:09,0,120,Single Choice set,Numbers,1,4,8,"4,5,6"
12,12,15,9,19-07-2023 06:31,19-07-2023 06:31,0,3,Single Choice set,Numbers,1,4,8,"4,5,6"
13,13,15,9,16-07-2023 23:09,16-07-2023 23:19,1,540,Single Choice set,Numbers,1,4,8,"4,5,6"
14,14,16+,9,17-07-2023 22:29,17-07-2023 22:29,0,13,Single Choice set,Numbers,1,4,8,"4,5,6"
15,15,15,9,17-07-2023 22:51,17-07-2023 22:51,0,4,Single Choice set,Numbers,1,4,8,"4,5,6"
16,16,14,9,17-07-2023 14:53,17-07-2023 14:55,1,120,Single Choice set,Numbers,1,4,8,"4,5,6"
17,17,13,9,18-07-2023 04:51,18-07-2023 04:53,1,60,Single Choice set,Numbers,1,4,8,"4,5,6"
18,18,14,9,18-07-2023 21:30,18-07-2023 21:32,1,60,Single Choice set,Numbers,1,4,8,"4,5,6"
19,19,13,9,19-07-2023 18:01,19-07-2023 18:01,0,5,Single Choice set,Numbers,1,4,8,"4,5,6"
20,20,14,9,21-07-2023 15:11,21-07-2023 15:15,1,240,Single Choice set,Numbers,1,4,8,"4,5,6"
21,21,15,9,22-07-2023 11:00,22-07-2023 11:02,1,60,Single Choice set,Numbers,1,4,8,"4,5,6"
22,22,16+,9,22-07-2023 17:47,22-07-2023 17:47,0,29,Single Choice set,Numbers,1,4,8,"4,5,6"
23,23,16+,9,22-07-2023 18:17,22-07-2023 18:17,1,11,Single Choice set,Numbers,1,4,8,"4,5,6"
24,24,15,9,23-07-2023 11:55,23-07-2023 11:57,1,120,Single Choice set,Numbers,1,4,8,"4,5,6"
25,25,16+,9,23-07-2023 12:35,23-07-2023 12:36,1,60,Single Choice set,Numbers,1,4,8,"4,5,6"
26,26,15,9,24-07-2023 17:04,24-07-2023 17:05,1,51,Single Choice set,Numbers,1,4,8,"4,5,6"
1,1,15,9,10-07-2023 16:16,10-07-2023 16:18,1,60,Single Choice set,Percentages ,1,5,8,"4,5,6"
2,2,13,9,11-07-2023 07:42,11-07-2023 07:43,1,52,Single Choice set,Percentages ,1,5,8,"4,5,6"
3,3,16+,9,13-07-2023 17:56,13-07-2023 17:57,0,60,Single Choice set,Percentages ,1,5,8,"4,5,6"
4,4,16+,9,15-07-2023 14:58,15-07-2023 14:59,1,60,Single Choice set,Percentages ,1,5,8,"4,5,6"
5,5,15,9,15-07-2023 15:06,15-07-2023 15:08,1,60,Single Choice set,Percentages ,1,5,8,"4,5,6"
6,6,16+,9,15-07-2023 15:24,15-07-2023 15:27,0,120,Single Choice set,Percentages ,1,5,8,"4,5,6"
7,7,16+,9,15-07-2023 15:42,15-07-2023 15:42,1,3,Single Choice set,Percentages ,1,5,8,"4,5,6"
8,8,15,9,15-07-2023 16:28,15-07-2023 16:28,1,7,Single Choice set,Percentages ,1,5,8,"4,5,6"
9,9,16+,9,15-07-2023 17:46,15-07-2023 17:47,1,38,Single Choice set,Percentages ,1,5,8,"4,5,6"
10,10,16+,9,15-07-2023 21:25,15-07-2023 21:25,1,16,Single Choice set,Percentages ,1,5,8,"4,5,6"
11,11,15,9,15-07-2023 23:06,15-07-2023 23:09,0,120,Single Choice set,Percentages ,1,5,8,"4,5,6"
12,12,15,9,19-07-2023 06:31,19-07-2023 06:31,0,3,Single Choice set,Percentages ,1,5,8,"4,5,6"
13,13,15,9,16-07-2023 23:09,16-07-2023 23:19,1,540,Single Choice set,Percentages ,1,5,8,"4,5,6"
14,14,16+,9,17-07-2023 22:29,17-07-2023 22:29,0,13,Single Choice set,Percentages ,1,5,8,"4,5,6"
15,15,15,9,17-07-2023 22:51,17-07-2023 22:51,0,4,Single Choice set,Percentages ,1,5,8,"4,5,6"
16,16,14,9,17-07-2023 14:53,17-07-2023 14:55,1,120,Single Choice set,Percentages ,1,5,8,"4,5,6"
17,17,13,9,18-07-2023 04:51,18-07-2023 04:53,1,60,Single Choice set,Percentages ,1,5,8,"4,5,6"
18,18,14,9,18-07-2023 21:30,18-07-2023 21:32,1,60,Single Choice set,Percentages ,1,5,8,"4,5,6"
19,19,13,9,19-07-2023 18:01,19-07-2023 18:01,0,5,Single Choice set,Percentages ,1,5,8,"4,5,6"
20,20,14,9,21-07-2023 15:11,21-07-2023 15:15,1,240,Single Choice set,Percentages ,1,5,8,"4,5,6"
21,21,15,9,22-07-2023 11:00,22-07-2023 11:02,1,60,Single Choice set,Percentages ,1,5,8,"4,5,6"
22,22,16+,9,22-07-2023 17:47,22-07-2023 17:47,0,29,Single Choice set,Percentages ,1,5,8,"4,5,6"
23,23,16+,9,22-07-2023 18:17,22-07-2023 18:17,1,11,Single Choice set,Percentages ,1,5,8,"4,5,6"
24,24,15,9,23-07-2023 11:55,23-07-2023 11:57,1,120,Single Choice set,Percentages ,1,5,8,"4,5,6"
25,25,16+,9,23-07-2023 12:35,23-07-2023 12:36,1,60,Single Choice set,Percentages ,1,5,8,"4,5,6"
26,26,15,9,24-07-2023 17:04,24-07-2023 17:05,1,51,Single Choice set,Percentages ,1,5,8,"4,5,6"
1,1,15,9,10-07-2023 16:16,10-07-2023 16:18,1,60,Single Choice set,Ratio and Proportion,1,6,8,"4,5,6"
2,2,13,9,11-07-2023 07:42,11-07-2023 07:43,1,52,Single Choice set,Ratio and Proportion,1,6,8,"4,5,6"
3,3,16+,9,13-07-2023 17:56,13-07-2023 17:57,0,60,Single Choice set,Ratio and Proportion,1,6,8,"4,5,6"
4,4,16+,9,15-07-2023 14:58,15-07-2023 14:59,1,60,Single Choice set,Ratio and Proportion,1,6,8,"4,5,6"
5,5,15,9,15-07-2023 15:06,15-07-2023 15:08,1,60,Single Choice set,Ratio and Proportion,1,6,8,"4,5,6"
6,6,16+,9,15-07-2023 15:24,15-07-2023 15:27,0,120,Single Choice set,Ratio and Proportion,1,6,8,"4,5,6"
7,7,16+,9,15-07-2023 15:42,15-07-2023 15:42,1,3,Single Choice set,Ratio and Proportion,1,6,8,"4,5,6"
8,8,15,9,15-07-2023 16:28,15-07-2023 16:28,1,7,Single Choice set,Ratio and Proportion,1,6,8,"4,5,6"
9,9,16+,9,15-07-2023 17:46,15-07-2023 17:47,1,38,Single Choice set,Ratio and Proportion,1,6,8,"4,5,6"
10,10,16+,9,15-07-2023 21:25,15-07-2023 21:25,1,16,Single Choice set,Ratio and Proportion,1,6,8,"4,5,6"
11,11,15,9,15-07-2023 23:06,15-07-2023 23:09,0,120,Single Choice set,Ratio and Proportion,1,6,8,"4,5,6"
12,12,15,9,19-07-2023 06:31,19-07-2023 06:31,0,3,Single Choice set,Ratio and Proportion,1,6,8,"4,5,6"
13,13,15,9,16-07-2023 23:09,16-07-2023 23:19,1,540,Single Choice set,Ratio and Proportion,1,6,8,"4,5,6"
14,14,16+,9,17-07-2023 22:29,17-07-2023 22:29,0,13,Single Choice set,Ratio and Proportion,1,6,8,"4,5,6"
15,15,15,9,17-07-2023 22:51,17-07-2023 22:51,0,4,Single Choice set,Ratio and Proportion,1,6,8,"4,5,6"
16,16,14,9,17-07-2023 14:53,17-07-2023 14:55,1,120,Single Choice set,Ratio and Proportion,1,6,8,"4,5,6"
17,17,13,9,18-07-2023 04:51,18-07-2023 04:53,1,60,Single Choice set,Ratio and Proportion,1,6,8,"4,5,6"
18,18,14,9,18-07-2023 21:30,18-07-2023 21:32,1,60,Single Choice set,Ratio and Proportion,1,6,8,"4,5,6"
19,19,13,9,19-07-2023 18:01,19-07-2023 18:01,0,5,Single Choice set,Ratio and Proportion,1,6,8,"4,5,6"
20,20,14,9,21-07-2023 15:11,21-07-2023 15:15,1,240,Single Choice set,Ratio and Proportion,1,6,8,"4,5,6"
21,21,15,9,22-07-2023 11:00,22-07-2023 11:02,1,60,Single Choice set,Ratio and Proportion,1,6,8,"4,5,6"
22,22,16+,9,22-07-2023 17:47,22-07-2023 17:47,0,29,Single Choice set,Ratio and Proportion,1,6,8,"4,5,6"
23,23,16+,9,22-07-2023 18:17,22-07-2023 18:17,1,11,Single Choice set,Ratio and Proportion,1,6,8,"4,5,6"
24,24,15,9,23-07-2023 11:55,23-07-2023 11:57,1,120,Single Choice set,Ratio and Proportion,1,6,8,"4,5,6"
25,25,16+,9,23-07-2023 12:35,23-07-2023 12:36,1,60,Single Choice set,Ratio and Proportion,1,6,8,"4,5,6"
26,26,15,9,24-07-2023 17:04,24-07-2023 17:05,1,51,Single Choice set,Ratio and Proportion,1,6,8,"4,5,6"
1,1,15,2,10-07-2023 16:03,10-07-2023 16:05,1,120,Mark the Words,Ratio and Proportion,1,6,9,
2,2,13,2,11-07-2023 07:27,11-07-2023 07:28,1,60,Mark the Words,Ratio and Proportion,1,6,9,
3,3,16+,2,13-07-2023 17:50,13-07-2023 17:50,1,21,Mark the Words,Ratio and Proportion,1,6,9,
4,4,16+,2,15-07-2023 14:42,15-07-2023 14:43,1,60,Mark the Words,Ratio and Proportion,1,6,9,
5,5,15,2,15-07-2023 14:45,15-07-2023 14:48,1,120,Mark the Words,Ratio and Proportion,1,6,9,
6,6,16+,2,15-07-2023 15:02,15-07-2023 15:03,1,60,Mark the Words,Ratio and Proportion,1,6,9,
7,7,16+,2,15-07-2023 15:39,15-07-2023 15:39,0,4,Mark the Words,Ratio and Proportion,1,6,9,
8,8,15,2,15-07-2023 16:21,15-07-2023 16:22,0,37,Mark the Words,Ratio and Proportion,1,6,9,
9,9,16+,2,15-07-2023 17:35,15-07-2023 17:35,1,1,Mark the Words,Ratio and Proportion,1,6,9,
10,10,16+,2,15-07-2023 19:59,15-07-2023 20:00,0,60,Mark the Words,Ratio and Proportion,1,6,9,
11,11,15,2,15-07-2023 22:59,15-07-2023 22:59,0,39,Mark the Words,Ratio and Proportion,1,6,9,
12,12,15,2,16-07-2023 09:39,16-07-2023 09:39,0,6,Mark the Words,Ratio and Proportion,1,6,9,
13,13,15,2,16-07-2023 22:52,16-07-2023 22:53,0,46,Mark the Words,Ratio and Proportion,1,6,9,
14,14,16+,2,17-07-2023 22:17,17-07-2023 22:18,1,26,Mark the Words,Ratio and Proportion,1,6,9,
15,15,15,2,17-07-2023 22:38,17-07-2023 22:41,0,120,Mark the Words,Ratio and Proportion,1,6,9,
16,16,14,2,17-07-2023 14:26,17-07-2023 14:27,1,60,Mark the Words,Ratio and Proportion,1,6,9,
17,17,13,2,18-07-2023 04:28,18-07-2023 04:29,0,60,Mark the Words,Ratio and Proportion,1,6,9,
18,18,14,2,18-07-2023 21:17,18-07-2023 21:17,0,44,Mark the Words,Ratio and Proportion,1,6,9,
19,19,13,2,19-07-2023 16:53,19-07-2023 16:54,0,59,Mark the Words,Ratio and Proportion,1,6,9,
20,20,14,2,21-07-2023 14:56,21-07-2023 14:57,1,25,Mark the Words,Ratio and Proportion,1,6,9,
21,21,15,2,22-07-2023 10:48,22-07-2023 10:49,0,60,Mark the Words,Ratio and Proportion,1,6,9,
22,22,16+,2,22-07-2023 17:20,22-07-2023 17:21,0,43,Mark the Words,Ratio and Proportion,1,6,9,
23,23,16+,2,22-07-2023 18:09,22-07-2023 18:09,0,20,Mark the Words,Ratio and Proportion,1,6,9,
24,24,15,2,23-07-2023 11:31,23-07-2023 11:33,1,120,Mark the Words,Ratio and Proportion,1,6,9,
25,25,16+,2,23-07-2023 12:15,23-07-2023 12:16,0,47,Mark the Words,Ratio and Proportion,1,6,9,
26,26,15,2,24-07-2023 16:56,24-07-2023 16:56,1,17,Mark the Words,Ratio and Proportion,1,6,9,
